,month,day,year,group,location,id,uid_4826,substem,y,x,species,dbh_cm,crown_condition,trunk_damage,comments,problems,treedist1,geometry,
444,September,7,2021,MEGY,waterfront,A1,646,,44.64328,-63.5686,TICO,20.3,G,Y,diseased leaves,,49.75226225,c(454908.41360465, 4943481.79728762)
445,September,7,2021,MEGY,waterfront,A10,647,,44.64388,-63.5691,AMAR,12.9,F,N,,,38.93615276,c(454869.227369288, 4943548.72219025)
446,September,7,2021,MEGY,waterfront,A100,648,,44.64631,-63.5705,PIAB,16.7,G,N,,,37.90320936,c(454760.093235239, 4943819.42361388)
447,September,7,2021,MEGY,waterfront,A101,649,,44.64631,-63.5705,PIAB,17.6,F,Y,,,37.90320936,c(454760.093235239, 4943819.42361388)
448,September,7,2021,MEGY,waterfront,A102,650,,44.64629,-63.5705,PIAB,23.7,G,N,,,37.63710463,c(454760.077689813, 4943817.20200401)
449,September,7,2021,MEGY,waterfront,A103,651,,44.64628,-63.5705,PIAB,15.7,F,Y,,,37.50405226,c(454760.069917102, 4943816.09119908)
450,September,7,2021,MEGY,waterfront,A104,652,,44.64627,-63.5706,PIGL,19.4,G,N,,,29.49801767,c(454752.132265541, 4943815.03588728)
451,September,7,2021,MEGY,waterfront,A105,653,,44.64625,-63.5706,PIGL,18.7,F,Y,,,29.23191023,c(454752.116717401, 4943812.81427743)
452,September,7,2021,MEGY,waterfront,A106,654,,44.64626,-63.5706,Crab Apple,18.6,G,N,"7.9, 4.3",,29.36496395,c(454752.12449147, 4943813.92508235)
453,September,7,2021,MEGY,waterfront,A107,655,,44.64626,-63.5707,PIRE,25.8,F,N,,,21.49198146,c(454744.194611251, 4943813.98058521)
454,September,7,2021,MEGY,waterfront,A108,656,,44.64627,-63.5707,Crab Apple,16,F,Y,,,21.62503653,c(454744.202386684, 4943815.09139014)
455,September,7,2021,MEGY,waterfront,A109,657,,44.64626,-63.5707,PINI,26,F,N,,,21.49198146,c(454744.194611251, 4943813.98058521)
456,September,7,2021,MEGY,waterfront,A11,658,,44.6439,-63.5691,SYRE,18,G,Y,,,39.72828958,c(454869.242875896, 4943550.94379918)
457,September,7,2021,MEGY,waterfront,A110,659,,44.64628,-63.5707,PINI,31.2,F,N,,,21.7580916,c(454744.210162119, 4943816.20219507)
458,September,7,2021,MEGY,waterfront,A111,660,,44.64628,-63.5707,PINI,31.7,F,Y,,,21.7580916,c(454744.210162119, 4943816.20219507)
459,September,7,2021,MEGY,waterfront,A112,661,,44.64626,-63.5708,PYCA,24.7,G,Y,,,13.61900007,c(454736.264731032, 4943814.03609779)
460,September,7,2021,MEGY,waterfront,A113,662,,44.64586,-63.5703,BEPA,16.3,G,Y,,,44.94168595,c(454775.603333928, 4943769.32643672)
461,September,7,2021,MEGY,waterfront,A114,663,,44.64586,-63.5703,BEPA,15.5,G,N,,,44.94168595,c(454775.603333928, 4943769.32643672)
462,September,7,2021,MEGY,waterfront,A115,664,,44.64589,-63.5702,BEPA,22.3,F,N,,,53.51296519,c(454783.556574338, 4943772.60338733)
463,September,7,2021,MEGY,waterfront,A116,665,,44.64711,-63.5703,TIAM,29.1,G,N,,,64.89895401,c(454776.574585615, 4943908.17705772)
464,September,7,2021,MEGY,waterfront,A117,666,,44.64711,-63.5704,TIAM,14.6,G,Y,Diseased leaves,,57.13174118,c(454768.644821219, 4943908.23253142)
465,September,7,2021,MEGY,waterfront,A118,667,,44.64709,-63.5705,TIAM,28.6,G,N,,,48.91189121,c(454760.699511173, 4943906.06640467)
466,September,7,2021,MEGY,waterfront,A119,668,,44.64708,-63.5705,TIAM,28.7,G,N,,,48.69577402,c(454760.691738352, 4943904.95559958)
467,September,7,2021,MEGY,waterfront,A12,669,,44.644,-63.5689,PYCA,12.8,G,N,,,58.5073064,c(454885.180785242, 4943561.94115933)
468,September,7,2021,MEGY,waterfront,A120,670,,44.64705,-63.5706,TIAM,29.1,G,N,,,40.32989008,c(454752.73864732, 4943901.67867749)
469,September,7,2021,MEGY,waterfront,A121,671,,44.64703,-63.5707,TIAM,11,G,N,,,32.17823893,c(454744.793323661, 4943899.51257022)
470,September,7,2021,MEGY,waterfront,A122,672,,44.64702,-63.5708,TIAM,36.2,G,N,,,24.17130775,c(454736.855771456, 4943898.45727775)
471,September,7,2021,MEGY,waterfront,A123,673,,44.647,-63.5708,TIAM,26.4,G,N,,,23.88680683,c(454736.840217658, 4943896.2356676)
472,September,7,2021,MEGY,waterfront,A124,674,,44.64699,-63.5709,TIAM,14.6,G,N,,,15.87987142,c(454728.902660005, 4943895.18038486)
473,September,7,2021,MEGY,waterfront,A125,675,,44.64701,-63.571,TIAM,25.6,G,N,,,8.300319551,c(454720.988438492, 4943897.45752706)
474,September,7,2021,MEGY,waterfront,A126,676,,44.64718,-63.571,PINI,32.6,G,N,,,13.13338962,c(454721.120692303, 4943916.34121355)
475,September,7,2021,MEGY,waterfront,A127,677,,44.6472,-63.571,PINI,29.9,G,N,,,13.70918194,c(454721.136251601, 4943918.56282377)
476,September,7,2021,MEGY,waterfront,A128,678,,44.64719,-63.5709,PINI,34.5,F,Y,Dieback,,21.08027898,c(454729.058225459, 4943917.3964866)
477,September,7,2021,MEGY,waterfront,A129,679,,44.6472,-63.5709,PINI,31.1,G,N,,,21.36817382,c(454729.066003746, 4943918.5072917)
478,September,7,2021,MEGY,waterfront,A13,680,,44.64402,-63.5688,SYRE,28,G,N,,,66.708607,c(454893.126471817, 4943564.10744059)
479,September,7,2021,MEGY,waterfront,A130,681,,44.64725,-63.5707,PINI,38.5,G,Y,,,38.12562598,c(454744.96438586, 4943923.95028232)
480,September,7,2021,MEGY,waterfront,A131,682,,44.64726,-63.5707,PINI,36.3,G,N,,,38.4135182,c(454744.972161431, 4943925.06108744)
481,September,7,2021,MEGY,waterfront,A132,683,,44.64727,-63.5706,PINI,31.4,G,N,,,46.36040043,c(454752.909679605, 4943926.11638968)
482,September,7,2021,MEGY,waterfront,A133,684,,44.64727,-63.5706,PINI,29.3,F,N,,,46.36040043,c(454752.909679605, 4943926.11638968)
483,September,7,2021,MEGY,waterfront,A134,685,,44.64727,-63.5706,PINI,44.5,G,N,,,46.36040043,c(454752.909679605, 4943926.11638968)
484,September,7,2021,MEGY,waterfront,A135,686,,44.64731,-63.571,Crab Apple,23.1,G,N,Diseased leaves,,16.9091847,c(454721.221827841, 4943930.78168007)
485,September,7,2021,MEGY,waterfront,A136,687,,44.64737,-63.5711,Crab Apple,18.9,G,N,Diseased leaves,,11.48667501,c(454713.338776877, 4943937.50205268)
486,September,7,2021,MEGY,waterfront,A137,688,,44.64744,-63.5711,Crab Apple,27.1,G,Y,Diseased leaves,,13.93972883,c(454713.393244168, 4943945.27768872)
487,September,7,2021,MEGY,waterfront,A138,689,,44.64677,-63.5708,TIAM,15.1,G,N,,Unsure of species,20.40487974,c(454736.66134938, 4943870.68715153)
488,September,7,2021,MEGY,waterfront,A139,690,,44.64679,-63.5707,TIAM,13.4,G,N,Galls,Unsure of species,28.54390239,c(454744.606711118, 4943872.85324899)
489,September,7,2021,MEGY,waterfront,A14,691,,44.64402,-63.5686,TIAM ,22,G,N,evidence of galls ,,81.52695491,c(454908.986842578, 4943563.99681434)
490,September,7,2021,MEGY,waterfront,A140,692,,44.6468,-63.5707,TIAM,34.7,G,N,,Unsure of species,28.67695755,c(454744.614486625, 4943873.96405401)
491,September,7,2021,MEGY,waterfront,A141,693,,44.64674,-63.5708,AMSP,3.1,G,N,2.2cm,,20.00571023,c(454736.638018789, 4943867.35473646)
492,September,7,2021,MEGY,waterfront,A142,694,,44.64676,-63.5707,AMSP,3.6,G,N,,,28.14473694,c(454744.583384607, 4943869.52083391)
493,September,7,2021,MEGY,waterfront,A143,695,,44.64675,-63.5707,AMSP,4.5,G,N,4.0cm,,28.01168179,c(454744.575609106, 4943868.41002889)
494,September,7,2021,MEGY,waterfront,A144,696,,44.64832,-63.5717,QURU,7.9,G,N,,,6.444994863,c(454666.500384349, 4944043.36200501)
495,September,7,2021,MEGY,waterfront,A145,697,,44.64851,-63.5718,QURU,7.9,G,N,,,8.471283054,c(454658.718808474, 4944064.52291648)
496,September,7,2021,MEGY,waterfront,A146,698,,44.64911,-63.5715,BEPA,3.9,F,N,"3.5cm, 2.5cm",,22.30480618,c(454682.974730676, 4944131.00444118)
497,September,7,2021,MEGY,waterfront,A147,699,,44.64912,-63.5715,BEPA,8.2,G,Y,Tethered,,21.2401905,c(454682.982517405, 4944132.11524666)
498,September,7,2021,MEGY,waterfront,A148,700,,44.64919,-63.5715,ACRU,5.1,G,N,,,13.85304753,c(454683.03702455, 4944139.89088507)
499,September,7,2021,MEGY,waterfront,A149,701,,44.64922,-63.5715,ACRU,4.6,F,N,,,10.82938888,c(454683.060384775, 4944143.22330156)
500,September,7,2021,MEGY,waterfront,A15,702,,44.644,-63.5686,TIAM ,28.7,G,N,,,80.73483081,c(454908.971349562, 4943561.77520538)
501,September,7,2021,MEGY,waterfront,A150,703,,44.64925,-63.5715,ACRU,4.9,F,N,,,7.85325897,c(454683.083745013, 4944146.55571807)
502,September,7,2021,MEGY,waterfront,A151,704,,44.64926,-63.5718,PRCI,9.8,F,N,Planter,,4.430858672,c(454659.303117361, 4944147.8333242)
503,September,7,2021,MEGY,waterfront,A152,705,,44.65015,-63.572,TICO,47.5,G,N,,,82.73017825,c(454644.137806987, 4944246.80627122)
504,September,7,2021,MEGY,waterfront,A153,706,,44.65014,-63.572,TICO,35.9,G,N,,,81.69013592,c(454644.130013301, 4944245.69546554)
505,September,7,2021,MEGY,waterfront,A154,707,,44.65013,-63.5719,TICO,36.6,G,N,,,78.13260187,c(454652.051572543, 4944244.52903045)
506,September,7,2021,MEGY,waterfront,A155,708,,44.65009,-63.5719,TICO,35.3,G,N,,,73.87316415,c(454652.020403271, 4944240.08580776)
507,September,7,2021,MEGY,waterfront,A156,709,,44.65008,-63.5719,TICO,42.9,G,N,,,72.81173915,c(454652.012610956, 4944238.97500209)
508,September,7,2021,MEGY,waterfront,A157,710,,44.65028,-63.572,PINI,24.8,P,N,,,96.38596504,c(454644.239125025, 4944261.24674525)
509,September,7,2021,MEGY,waterfront,A158,711,,44.65027,-63.572,PINI,26.8,P,N,,,95.32926726,c(454644.231331322, 4944260.13593954)
510,September,7,2021,MEGY,waterfront,A159,712,,44.65026,-63.5721,PINI,20.6,F,N,,,97.00031022,c(454636.294202407, 4944259.08077298)
511,September,7,2021,MEGY,waterfront,A16,713,,44.64437,-63.5686,PINI,31.2,G,N,,,95.389128,c(454909.257971263, 4943602.87497257)
512,September,7,2021,MEGY,waterfront,A160,714,,44.65025,-63.5721,PINI,25.8,F,N,,,95.97348217,c(454636.286407344, 4944257.96996727)
513,September,7,2021,MEGY,waterfront,A161,715,,44.65049,-63.5727,TIAM,25.6,G,N,Planter,,84.09067785,c(454588.897665975, 4944284.9633438)
514,September,7,2021,MEGY,waterfront,A162,716,,44.65043,-63.5728,TIAM,25,G,N,Planter,,74.11610939,c(454580.921534307, 4944278.35421657)
515,September,7,2021,MEGY,waterfront,A17,717,,44.64447,-63.5685,PRNI,25.4,G,N,,,106.7588709,c(454917.265560978, 4943613.92771966)
516,September,7,2021,MEGY,waterfront,A18,718,,44.64453,-63.5685,SYRE,21,G,N,"11.8, little dieback on top",,109.1352362,c(454917.312032259, 4943620.59254714)
517,September,7,2021,MEGY,waterfront,A19,719,,44.64461,-63.5684,PINI,37.8,F,N,,,119.7128304,c(454925.304099034, 4943629.42369506)
518,September,7,2021,MEGY,waterfront,A2,720,,44.64372,-63.5685,TIAM,28,G,N,light attached,,76.26279934,c(454916.684674163, 4943530.61738209)
519,September,7,2021,MEGY,waterfront,A20,721,,44.64497,-63.5683,TIAM,25.6,G,N,,,98.46879972,c(454933.512935051, 4943669.35738283)
520,September,7,2021,MEGY,waterfront,A21,722,,44.64497,-63.5683,TIAM,23.2,G,N,evidence of galls ,,98.46879972,c(454933.512935051, 4943669.35738283)
521,September,7,2021,MEGY,waterfront,A22,723,,44.64483,-63.5688,PINI,34.1,G,N,,,93.19866762,c(454893.754164355, 4943654.0826104)
522,September,7,2021,MEGY,waterfront,A23,724,,44.64478,-63.569,PINI,21.9,P,N,,,82.38738403,c(454877.855253968, 4943648.63925239)
523,September,7,2021,MEGY ,waterfront,A24,725,,44.64477,-63.569,PINI,31.5,F,N,,,81.9717395,c(454877.847501904, 4943647.52844776)
524,September,7,2021,MEGY,waterfront,A25,726,,44.64469,-63.5693,PINI,24.4,P,N,,,56.58394288,c(454853.995203134, 4943638.80808149)
525,September,7,2021,MEGY,waterfront,A26,727,,44.6447,-63.5694,PINI,27.5,P,N,,,49.64538611,c(454846.072866529, 4943639.97426247)
526,September,7,2021,MEGY,waterfront,A27,728,,44.64473,-63.5694,PINI,16.3,P,N,broken branches,,50.89233486,c(454846.096139046, 4943643.30667634)
527,September,7,2021,MEGY,waterfront,A28,729,,44.64467,-63.5694,ULGL,40,G,N,"32.0 cm, 15.8 cm",,48.39843738,c(454846.049594024, 4943636.64184862)
528,September,7,2021,MEGY,waterfront,A29,730,,44.64466,-63.5695,TIAM,18.6,G,N,diseased leaves,,40.62858124,c(454838.11173833, 4943635.58643009)
529,September,7,2021,MEGY,waterfront,A3,731,,44.64378,-63.5684,TIAM,29.6,G,N,,,86.17515525,c(454924.661362897, 4943537.2269199)
530,September,7,2021,MEGY,waterfront,A30,732,,44.64466,-63.5695,TIAM,17.5,G,N,diseased leaves,,40.62858124,c(454838.11173833, 4943635.58643009)
531,September,7,2021,MEGY ,waterfront,A31,733,,44.64464,-63.5695,TIAM,17.2,G,N,diseased leaves,,39.79727956,c(454838.096220612, 4943633.36482087)
532,September,7,2021,MEGY,waterfront,A32,734,,44.64463,-63.5695,TIAM ,20.5,G,N,diseased leaves,,39.38162873,c(454838.088461755, 4943632.25401626)
533,September,7,2021,MEGY,waterfront,A33,735,,44.64462,-63.5696,TIAM,15,G,Y,diseased leaves,,31.61176983,c(454830.150599251, 4943631.19860747)
534,September,7,2021,MEGY,waterfront,A35,736,,44.64461,-63.5696,ACRU,21.8,G,N,premature colour changne ,,31.19611773,c(454830.142839034, 4943630.08780287)
535,September,7,2021,MEGY,waterfront,A36,737,,44.64461,-63.5697,PIGL,11.5,F,Y,,,23.84191197,c(454822.212734022, 4943630.14320841)
536,September,7,2021,MEGY,waterfront,A37,738,,44.6446,-63.5697,PINI,19.1,F,N,8.6cm,,23.42625861,c(454822.204972444, 4943629.03240381)
537,September,7,2021,MEGY,waterfront,A38,739,,44.64458,-63.5697,QURU,14.9,F,Y,,,22.59495189,c(454822.189449292, 4943626.81079461)
538,September,7,2021,MEGY,waterfront,A39,740,,44.64458,-63.5698,QUAL,17.5,G,N,,,15.24074591,c(454814.25934019, 4943626.86620987)
539,September,7,2021,MEGY,waterfront,A4,741,,44.64385,-63.5685,TIAM,32.5,G,N,,,81.94110512,c(454916.785360654, 4943545.05783982)
540,September,7,2021,MEGY,waterfront,A40,742,,44.64527,-63.5698,ACPL,17,G,N,diseased leaves,,20.41129518,c(454814.794986135, 4943703.51173176)
541,September,7,2021,MEGY,waterfront,A41,743,,44.64529,-63.5703,ACPL,23.1,G,N,diseased leaves,,4.928599587,c(454775.16045035, 4943706.01056357)
542,September,7,2021,MEGY,waterfront,A42,744,,44.64529,-63.5703,ACPL,23.6,F,Y,diseased leaves,,4.928599587,c(454775.16045035, 4943706.01056357)
543,September,7,2021,MEGY,waterfront,A43,745,,44.6453,-63.5703,ACPL,15,F,N,diseased leaves,,3.883040249,c(454775.168220199, 4943707.12136831)
544,September,7,2021,MEGY,waterfront,A44,746,,44.6453,-63.5702,ACRU,15.1,P,N,premature leaf colouring,,6.561372638,c(454783.098231211, 4943707.06590438)
545,September,7,2021,MEGY,waterfront,A45,747,,44.64532,-63.5702,TIAM,26.5,G,Y,diseased leaves,,4.470253056,c(454783.113768187, 4943709.28751386)
546,September,7,2021,MEGY,waterfront,A46,748,,44.64534,-63.5701,TIAM,21.2,P,N,stressed,,5.057454874,c(454791.059310729, 4943711.45366916)
547,September,7,2021,MEGY,waterfront,A47,749,,44.64533,-63.5701,TIAM,34.5,P,N,few leaves,,6.103015118,c(454791.0515436, 4943710.34286441)
548,September,7,2021,MEGY,waterfront,A48,750,,44.64534,-63.5701,TIAM,23.1,F,Y,,,5.057454874,c(454791.059310729, 4943711.45366916)
549,September,7,2021,MEGY,waterfront,A49,751,,44.64536,-63.57,TIAM,20.6,F,N,,,5.644645706,c(454799.004847824, 4943713.61983418)
550,September,7,2021,MEGY,waterfront,A5,752,,44.64382,-63.5686,GIBI,18.2,G,N,,,73.33913617,c(454908.831912662, 4943541.780725)
551,September,7,2021,MEGY,waterfront,A50,753,,44.64538,-63.57,NA,14.3,P,N,dead,,3.553524302,c(454799.020379367, 4943715.84144369)
552,September,7,2021,MEGY,waterfront,A51,754,,44.64538,-63.57,NA,10.7,P,N,dead,,3.553524302,c(454799.020379367, 4943715.84144369)
553,September,7,2021,MEGY,waterfront,A52,755,,44.64539,-63.5699,ACPL,14.3,F,Y,,,5.186264393,c(454806.958143884, 4943716.8968137)
554,September,7,2021,MEGY,waterfront,A53,756,,44.64539,-63.5699,ACPL,15.7,F,Y,,,5.186264393,c(454806.958143884, 4943716.8968137)
555,September,7,2021,MEGY,waterfront,A54,757,,44.6454,-63.5699,ACPL,13.1,F,Y,,,4.140703239,c(454806.965908296, 4943718.00761845)
556,September,7,2021,MEGY,waterfront,A55,758,,44.64541,-63.5699,ACPL,13.5,G,N,Diseased leaves,,3.095142081,c(454806.97367271, 4943719.11842321)
557,September,7,2021,MEGY,waterfront,A56,759,,44.64541,-63.5698,ACPL,17.3,F,N,Diseased leaves,,5.773432795,c(454814.903668726, 4943719.06299819)
558,September,7,2021,MEGY,waterfront,A57,760,,44.64544,-63.5698,TIAM,25.3,G,N,Diseased leaves,,2.636747964,c(454814.926957888, 4943722.39541248)
559,September,7,2021,MEGY,waterfront,A58,761,,44.64544,-63.5698,TIAM,23.6,F,N,Diseased leaves,,2.636747964,c(454814.926957888, 4943722.39541248)
560,September,7,2021,MEGY,waterfront,A59,762,,44.64545,-63.5697,TIAM,20.6,F,N,,,4.269466081,c(454822.86471151, 4943723.45080195)
561,September,7,2021,MEGY,waterfront,A6,763,,44.64368,-63.5686,SYRE,13.7,G,N,29.0 cm. 28.0 cm,,67.22402014,c(454908.723462049, 4943526.22946291)
562,September,7,2021,MEGY,waterfront,A60,764,,44.64546,-63.5697,TIAM,21.9,G,N,,,3.223904016,c(454822.872473205, 4943724.56160672)
563,September,7,2021,MEGY,waterfront,A61,765,,44.64547,-63.5696,ACPL,15.3,F,N,,,4.856611599,c(454830.81022274, 4943725.61700592)
564,September,7,2021,MEGY,waterfront,A62,766,,44.64546,-63.5696,ACPL,16.4,F,Y,,,5.902174117,c(454830.802462405, 4943724.50620116)
565,September,7,2021,MEGY,waterfront,A63,767,,44.64548,-63.5693,ACPL,14.8,G,Y,,,11.84580161,c(454854.60794249, 4943726.56165236)
566,September,7,2021,MEGY,waterfront,A64,768,,44.64549,-63.5695,ACPL,16.4,G,N,Diseased leaves,,5.443746129,c(454838.755728524, 4943727.78321963)
567,September,7,2021,MEGY,waterfront,A65,769,,44.64551,-63.5694,ACPL,14.4,G,N,,,6.03086967,c(454846.70122886, 4943729.94944307)
568,September,7,2021,MEGY,waterfront,A66,770,,44.64553,-63.5694,ACPL,17.3,G,Y,Dieback,,3.939742817,c(454846.716744094, 4943732.17105263)
569,September,7,2021,MEGY,waterfront,A67,771,,44.64554,-63.5693,ACPL,16.9,G,Y,Dieback,,5.572418344,c(454854.654480009, 4943733.22648102)
570,September,7,2021,MEGY,waterfront,A68,772,,44.64583,-63.5693,ACPL,32.2,G,N,Diseased leaves,,24.74893477,c(454854.879412054, 4943765.43982053)
571,September,7,2021,MEGY,waterfront,A69,773,,44.64586,-63.5693,PINI,46,G,Y,,,27.88562654,c(454854.902680953, 4943768.77223505)
572,September,7,2021,MEGY,waterfront,A7,774,,44.64367,-63.5686,SYRE,18.3,G,Y,,,66.78722616,c(454908.715715587, 4943525.1186585)
573,September,7,2021,MEGY,waterfront,A70,775,,44.64588,-63.5693,PINI,31.8,P,N,,,29.97675439,c(454854.918193559, 4943770.99384475)
574,September,7,2021,MEGY,waterfront,A71,776,,44.64589,-63.5693,PINI,37.9,F,N,,,31.02231832,c(454854.925949864, 4943772.1046496)
575,September,7,2021,MEGY,waterfront,A72,777,,44.64589,-63.5694,ACPL,29.7,F,N,Diseased leaves,,33.7005415,c(454846.996019257, 4943772.16002599)
576,September,7,2021,MEGY,waterfront,A73,778,,44.64594,-63.5694,ACPL,24.3,F,N,diseased leaves,,38.9283589,c(454847.034807615, 4943777.71405027)
577,September,7,2021,MEGY,waterfront,A74,779,,44.6459,-63.5694,NA,13.5,G,Y,"7.0cm, 7.3cm,3.9cm, 3.1cm",sorbus species,34.74610497,c(454847.003776926, 4943773.27083084)
578,September,7,2021,MEGY,waterfront,A75,780,,44.64593,-63.5694,PINI,26.8,G,N,,,37.88279542,c(454847.027049941, 4943776.60324541)
579,September,7,2021,MEGY,waterfront,A76,781,,44.64627,-63.5698,ACPL,5.4,G,N,"tethered, planter",,84.14487057,c(454815.571296313, 4943814.5922146)
580,September,7,2021,MEGY,waterfront,A77,782,,44.64627,-63.5696,ACPL,5.3,G,N,"tethered, planter",,78.78839424,c(454831.431053987, 4943814.4813937)
581,September,7,2021,MEGY,waterfront,A78,783,,44.64618,-63.5696,ACPL,5.1,G,Y,"gulls, tethered, planter",,69.37833065,c(454831.361210029, 4943804.48414946)
582,September,7,2021,MEGY,waterfront,A79,784,,44.64616,-63.5697,ACPL,5.3,G,N,"tethered, planter",,69.96544396,c(454823.415795341, 4943802.31794523)
583,September,7,2021,MEGY,waterfront,A8,785,,44.64364,-63.5687,PYCA,22.5,G,Y,,,58.18523469,c(454900.762239056, 4943521.84155349)
584,September,7,2021,MEGY,waterfront,A80,786,,44.64637,-63.5701,PINI,22.1,G,N,,,70.19340933,c(454791.859332443, 4943825.86656826)
585,September,7,2021,MEGY,waterfront,A81,787,,44.64637,-63.5701,PINI,24.7,F,Y,18.2cm,,70.19340933,c(454791.859332443, 4943825.86656826)
586,September,7,2021,MEGY,waterfront,A82,788,,44.64638,-63.5701,ACRU,16.2,G,Y,,,70.3264563,c(454791.867099716, 4943826.97737321)
587,September,7,2021,MEGY,waterfront,A83,789,,44.64637,-63.5701,ACRU,17.1,G,Y,,,70.19340933,c(454791.859332443, 4943825.86656826)
588,September,7,2021,MEGY,waterfront,A84,790,,44.64638,-63.5701,PINI,23.8,F,Y,,,70.3264563,c(454791.867099716, 4943826.97737321)
589,September,7,2021,MEGY,waterfront,A85,791,,44.64638,-63.5701,PINI,20.5,F,Y,,,70.3264563,c(454791.867099716, 4943826.97737321)
590,September,7,2021,MEGY,waterfront,A86,792,,44.64638,-63.5701,PINI,28.6,F,N,,,70.3264563,c(454791.867099716, 4943826.97737321)
591,September,7,2021,MEGY,waterfront,A87,793,,44.64637,-63.5701,PINI,29.3,F,N,,,70.19340933,c(454791.859332443, 4943825.86656826)
592,September,7,2021,MEGY,waterfront,A88,794,,44.64636,-63.5702,PINI,23,F,N,,,62.18738794,c(454783.921698588, 4943824.81121754)
593,September,7,2021,MEGY,waterfront,A89,795,,44.64635,-63.5702,PINI,21.4,F,N,19.2cm,,62.05433963,c(454783.913929955, 4943823.7004126)
594,September,7,2021,MEGY,waterfront,A9,796,,44.64362,-63.5688,PYCA,12,G,Y,diseased leaves,,50.02003596,c(454892.816503539, 4943519.67526264)
595,September,7,2021,MEGY,waterfront,A90,797,,44.64635,-63.5702,TIAM,26.8,G,N,diseased leaves,,62.05433963,c(454783.913929955, 4943823.7004126)
596,September,7,2021,MEGY,waterfront,A91,798,,44.64634,-63.5703,SON,6.9,G,Y,"6.7, 4.7, 6.2, 5.0, 3.0",,54.04831527,c(454775.976292014, 4943822.64507161)
597,September,7,2021,MEGY,waterfront,A92,799,,44.64633,-63.5703,QURU,17.3,G,N,diseased (slightly),,53.91526561,c(454775.968522021, 4943821.53426667)
598,September,7,2021,MEGY,waterfront,A93,800,,44.64632,-63.5703,SON,12.4,G,N,"7.8, 5.7, 7.4 3.6",,53.78221594,c(454775.96075203, 4943820.42346173)
599,September,7,2021,MEGY,waterfront,A94,801,,44.64633,-63.5702,QURU,12.3,G,N,,,61.788243,c(454783.898392694, 4943821.47880272)
600,September,7,2021,MEGY,waterfront,A95,802,,44.64632,-63.5704,SON,14.2,G,Y,"6.1, 4.2, 3.7",,45.90923829,c(454768.030879993, 4943820.47893541)
601,September,7,2021,MEGY,waterfront,A96,803,,44.64631,-63.5704,BECO,14.2,G,Y,10.3,,45.77618727,c(454768.02310864, 4943819.36813047)
602,September,7,2021,MEGY,waterfront,A97,804,,44.64631,-63.5704,BECO,12.2,G,Y,11.6,,45.77618727,c(454768.02310864, 4943819.36813047)
603,September,7,2021,MEGY,waterfront,A98,805,,44.6463,-63.5704,BEPA,15.2,G,Y,,,45.64313626,c(454768.015337289, 4943818.25732554)
604,September,7,2021,MEGY,waterfront,A99,806,,44.6463,-63.5705,PIGL,17.3,G,N,,,37.77015699,c(454760.085462525, 4943818.31280894)
605,September,7,2021,KJCL,waterfront,C1,807,,44.64358,-63.5689,SYRE,17.2,G,Y,ant infestation,,40.98124049,c(454884.855261501, 4943515.28737272)
606,September,7,2021,KJCL,waterfront,C10,808,,44.64488,-63.5685,TIAM,20.9,P,N,gall (insect) damage,,97.48550746,c(454917.583115724, 4943659.4707088)
607,September,7,2021,KJCL,waterfront,C100,809,,44.64601,-63.5708,PIRE,21.2,G,N,"11.5, 19.8, 16.5",,10.05949976,c(454736.070311592, 4943786.26597525)
608,September,7,2021,KJCL,waterfront,C101,810,,44.64596,-63.5708,PIRE,30.4,G,Y,,,9.131367522,c(454736.031427808, 4943780.71195089)
609,September,7,2021,KJCL,waterfront,C102,811,,44.64593,-63.5708,PIRE,15.2,F,N,,,8.43383062,c(454736.008097554, 4943777.37953629)
610,September,7,2021,KJCL,waterfront,C103,812,,44.64592,-63.5708,PISY,27.3,F,N,,,8.201318322,c(454736.000320806, 4943776.26873143)
611,September,7,2021,KJCL,waterfront,C104,813,,44.64592,-63.5708,PIRE,29,F,N,,,8.201318322,c(454736.000320806, 4943776.26873143)
612,September,7,2021,KJCL,waterfront,C105,814,,44.6459,-63.5708,PISY,17.6,F,N,,,7.736293733,c(454735.984767313, 4943774.04712171)
613,September,7,2021,KJCL,waterfront,C106,815,,44.64589,-63.5708,PIRE,21.5,G,N,,,7.503781441,c(454735.976990569, 4943772.93631686)
614,September,7,2021,KJCL,waterfront,C107,816,,44.64588,-63.5708,PISY,21,F,N,,,7.271269151,c(454735.969213826, 4943771.82551201)
615,September,7,2021,KJCL,waterfront,C108,817,,44.64587,-63.5708,PIRE,23.2,G,N,,,7.031142914,c(454735.961437085, 4943770.71470715)
616,September,7,2021,KJCL,waterfront,C109,818,,44.64586,-63.5708,PISY,23.6,F,N,"stressed cond., weird growth (bulges or branches)",,6.743250723,c(454735.953660344, 4943769.60390231)
617,September,7,2021,KJCL,waterfront,C11,819,,44.64481,-63.5689,PIRE,26,F,N,,,90.98852306,c(454885.808587918, 4943651.91632885)
618,September,7,2021,KJCL,waterfront,C110,820,,44.64584,-63.5708,PIRE,23.2,F,N,,,6.167466347,c(454735.938106868, 4943767.38229261)
619,September,7,2021,KJCL,waterfront,C111,821,,44.64584,-63.5708,PISY,19.7,F,N,,,6.167466347,c(454735.938106868, 4943767.38229261)
620,September,7,2021,KJCL,waterfront,C112,822,,44.64583,-63.5708,PIRE,25.9,G,N,,,5.879574162,c(454735.930330132, 4943766.27148777)
621,September,7,2021,KJCL,waterfront,C113,823,,44.64579,-63.5707,BEPA,10,G,N,,,12.3690941,c(454743.82916746, 4943761.77275584)
622,September,7,2021,KJCL,waterfront,C114,824,,44.64577,-63.5707,TIAM,33.1,G,N,,,11.68406467,c(454743.813616728, 4943759.55114618)
623,September,7,2021,KJCL,waterfront,C115,825,,44.64573,-63.5707,TIAM,28.6,G,N,broken limb on bottom,,10.31400584,c(454743.782515281, 4943755.10792687)
624,September,7,2021,KJCL,waterfront,C116,826,,44.64568,-63.5707,Sorbus sp.,9.7,G,N,"tethered, 9.7 cm",,8.509759295,c(454743.743638504, 4943749.55390278)
625,September,7,2021,KJCL,waterfront,C117A,827,a,44.64564,-63.5707,SOAU,6.5,G,N,"6, 3.1, 4.6",,6.90078561,c(454743.712537108, 4943745.11068354)
626,September,7,2021,KJCL,waterfront,C117B,828,b,44.64564,-63.5707,SOAU,5.6,G,N,,,6.90078561,c(454743.712537108, 4943745.11068354)
627,September,7,2021,KJCL,waterfront,C117C,829,c,44.64564,-63.5707,SOAU,4.5,G,N,,,6.90078561,c(454743.712537108, 4943745.11068354)
628,September,7,2021,KJCL,waterfront,C118,830,,44.64555,-63.5706,,8.2,P,Y,"dead, 8.2, 5.7cm",,10.56937442,c(454751.572536004, 4943735.05793753)
629,September,7,2021,KJCL,waterfront,C119,831,,44.64552,-63.5706,Sorbus sp.,11.1,F,Y,"10.2, 6.2, 8.2, 7.4",,8.996970797,c(454751.549214096, 4943731.72552317)
630,September,7,2021,KJCL,waterfront,C12,832,,44.6448,-63.5689,PIRE,25.4,F,N,,,90.57287979,c(454885.800837212, 4943650.80552421)
631,September,7,2021,KJCL,waterfront,C120,833,,44.64549,-63.5706,PIRE,37.6,G,N,,,7.424567192,c(454751.525892201, 4943728.39310884)
632,September,7,2021,KJCL,waterfront,C121,834,,44.64549,-63.5706,PIRE,29.6,F,N,,,7.424567192,c(454751.525892201, 4943728.39310884)
633,September,7,2021,KJCL,waterfront,C122,835,,44.64547,-63.5706,PIRE,19.6,F,N,,,6.376298133,c(454751.510344277, 4943726.17149929)
634,September,7,2021,KJCL,waterfront,C123,836,,44.64548,-63.5706,PIRE,19.2,F,N,,,6.900432661,c(454751.518118238, 4943727.28230406)
635,September,7,2021,KJCL,waterfront,C124,837,,44.64546,-63.5706,PIRE,19.2,F,N,,,5.852163605,c(454751.502570318, 4943725.06069452)
636,September,7,2021,KJCL,waterfront,C125,838,,44.64544,-63.5706,TIAM,23,G,N,,,4.803894558,c(454751.487022403, 4943722.83908498)
637,September,7,2021,KJCL,waterfront,C126,839,,44.64544,-63.5705,TIAM,24.2,G,N,,,11.79581824,c(454759.417014344, 4943722.78359187)
638,September,7,2021,KJCL,waterfront,C127,840,,44.64541,-63.5705,TIAM,27,G,N,,,10.22341831,c(454759.39369657, 4943719.45117758)
639,September,7,2021,KJCL,waterfront,C128,841,,44.64538,-63.5705,TIAM,25.1,G,N,,,8.65101839,c(454759.370378807, 4943716.11876331)
640,September,7,2021,KJCL,waterfront,C129,842,,44.64677,-63.5709,TIAM,35.3,G,N,,,12.53196849,c(454728.731538647, 4943870.74267385)
641,September,7,2021,KJCL,waterfront,C13,843,,44.6448,-63.569,PIRE,12.5,P,Y,"no bark at base, insect damage. DBH: 11.5. is dead.",,83.21867309,c(454877.8707581, 4943650.86086167)
642,September,7,2021,KJCL,waterfront,C130,844,,44.64682,-63.5709,TIAM,27,G,N,,,13.29047592,c(454728.770429806, 4943876.296699)
643,September,7,2021,KJCL,waterfront,C131,845,,44.64686,-63.5709,TIAM,32.9,G,N,,,13.93337527,c(454728.801542758, 4943880.73991915)
644,September,7,2021,KJCL,waterfront,C132,846,,44.64691,-63.5709,TIAM,13,G,N,,,14.7369995,c(454728.840433979, 4943886.29394439)
645,September,7,2021,KJCL,waterfront,C133,847,,44.64694,-63.5708,TIAM,15.1,G,N,,,23.03330412,c(454736.793556298, 4943889.57083723)
646,September,7,2021,KJCL,waterfront,C134,848,,44.64696,-63.5707,TIAM,15.7,G,N,,,31.1824952,c(454744.73889492, 4943891.73693474)
647,September,7,2021,KJCL,waterfront,C135,849,,44.64698,-63.5707,TIAM,32,G,N,,,31.4669934,c(454744.754445982, 4943893.95854487)
648,September,7,2021,KJCL,waterfront,C136,850,,44.64699,-63.5706,TIAM,37.2,G,N,,,39.47392981,c(454752.692002268, 4943895.01384706)
649,September,7,2021,KJCL,waterfront,C137,851,,44.64719,-63.5705,TIAM,14.5,G,N,leaves and trunk blackened,,51.71627628,c(454760.777239468, 4943917.17445562)
650,September,7,2021,KJCL,waterfront,C138,852,,44.64704,-63.5705,TIAM,37,G,N,,,48.04985031,c(454760.660647078, 4943900.51237926)
651,September,7,2021,KJCL,waterfront,C139,853,,44.64705,-63.5704,TIAM,16.6,G,N,,,56.05677826,c(454768.598192468, 4943901.56770092)
652,September,7,2021,KJCL,waterfront,C14,854,,44.64478,-63.5691,PIRE,27,F,N,,,75.03317836,c(454869.925172129, 4943648.69459958)
653,September,7,2021,KJCL,waterfront,C140,855,,44.647,-63.5704,QURO,13.4,G,N,white waxy substance,,55.345553,c(454768.559335213, 4943896.01367556)
654,September,7,2021,KJCL,waterfront,C141,856,,44.647,-63.5704,QURO,7.7,G,N,white waxy substance on lower leaves,,55.345553,c(454768.559335213, 4943896.01367556)
655,September,7,2021,KJCL,waterfront,C142,857,,44.64698,-63.5701,QURO,5,F,N,"dead top, waxy leaves, appears to be dying, fungi on trunk",,78.63436587,c(454792.333138643, 4943893.62567352)
656,September,7,2021,KJCL,waterfront,C143,858,,44.64693,-63.5703,SYRE,5.1,F,N,tethered,,62.13770095,c(454776.434724037, 4943888.18256643)
657,September,7,2021,KJCL,waterfront,C144,859,,44.64692,-63.5703,SYRE,4.8,G,Y,tethered,,61.97698419,c(454776.426953963, 4943887.07176138)
658,September,7,2021,KJCL,waterfront,C145,860,,44.64691,-63.5703,SYRE,5.3,G,N,"leaves browning, tethered",,61.81626744,c(454776.41918389, 4943885.96095633)
659,September,7,2021,KJCL,waterfront,C146,861,,44.64691,-63.5704,SYRE,4.5,G,Y,"leaves browning, tethered",,53.96971944,c(454768.489392243, 4943886.01643002)
660,September,7,2021,KJCL,waterfront,C147,862,,44.6469,-63.5704,SYRE,4.7,G,N,"leaves browning, tethered",,53.80900134,c(454768.481620808, 4943884.90562497)
661,September,7,2021,KJCL,waterfront,C148,863,,44.64683,-63.5702,BEPA,10.4,F,N,"large bulge, 8.5cm",,68.44066057,c(454784.2868259, 4943877.01905203)
662,September,7,2021,KJCL,waterfront,C149,864,,44.6468,-63.5703,Serviceberry sp.,6.3,G,N,"4.8cm, not certain on ID",,60.16860164,c(454776.333713177, 4943873.74210089)
663,September,7,2021,KJCL,waterfront,C15,865,,44.64477,-63.5691,PIRE,19.3,P,N,dead tree. Insect holes in trunk.,,74.61753257,c(454869.917418703, 4943647.58379495)
664,September,7,2021,KJCL,waterfront,C150,866,,44.6468,-63.5703,Serviceberry sp.,9.2,G,N,"7, 4.7cm",,60.16860164,c(454776.333713177, 4943873.74210089)
665,September,7,2021,KJCL,waterfront,C151,867,,44.64681,-63.5704,Serviceberry sp.,8.3,G,N,,,52.42874007,c(454768.411677962, 4943874.90837961)
666,September,7,2021,KJCL,waterfront,C152,868,,44.64679,-63.5704,Serviceberry sp.,7,G,N,4.6cm,,52.16263788,c(454768.396135123, 4943872.68676956)
667,September,7,2021,KJCL,waterfront,C153,869,,44.64683,-63.5705,Serviceberry sp.,5.8,G,N,,,44.83741721,c(454760.497418258, 4943877.1854731)
668,September,7,2021,KJCL,waterfront,C154,870,,44.64682,-63.5705,Serviceberry sp.,7.5,G,N,,,44.68894786,c(454760.489645472, 4943876.07466806)
669,September,7,2021,KJCL,waterfront,C155,871,,44.64684,-63.5706,TIPL,14.8,G,N,"blackened leaves, not certain on ID, very big heart shaped leaf",,37.15158188,c(454752.575389857, 4943878.35177128)
670,September,7,2021,KJCL,waterfront,C156A,872,a,44.64682,-63.5705,Serviceberry sp.,2.9,F,N,,,44.68894786,c(454760.489645472, 4943876.07466806)
671,September,7,2021,KJCL,waterfront,C156B,873,b,44.64682,-63.5705,Serviceberry sp.,6.4,G,N,,,44.68894786,c(454760.489645472, 4943876.07466806)
672,September,7,2021,KJCL,waterfront,C157,874,,44.64681,-63.5706,TIAM,27.3,F,N,,,36.68292073,c(454752.552067412, 4943875.01935618)
673,September,7,2021,KJCL,waterfront,C158A,875,a,44.64679,-63.5706,Serviceberry sp.,7,G,N,,,36.41681313,c(454752.536519123, 4943872.79774611)
674,September,7,2021,KJCL,waterfront,C158B,876,b,44.64679,-63.5706,Serviceberry sp.,3.9,G,N,,,36.41681313,c(454752.536519123, 4943872.79774611)
675,September,7,2021,KJCL,waterfront,C159,877,,44.64678,-63.5707,TIAM,33.3,G,Y,blackened leaves,,28.41084724,c(454744.598935613, 4943871.74244396)
676,September,7,2021,KJCL,waterfront,C16,878,,44.64477,-63.5692,PIRE,23.9,F,N,,,67.26332921,c(454861.9873355, 4943647.63915186)
677,September,7,2021,KJCL,waterfront,C160,879,,44.64676,-63.5707,Serviceberry sp.,5.8,G,Y,,,28.14473694,c(454744.583384607, 4943869.52083391)
678,September,7,2021,KJCL,waterfront,C161,880,,44.64731,-63.571,MACO,22.6,G,N,broken limb,,16.9091847,c(454721.221827841, 4943930.78168007)
679,September,7,2021,KJCL,waterfront,C162,881,,44.64737,-63.5711,MACO,18.5,G,N,,,11.48667501,c(454713.338776877, 4943937.50205268)
680,September,7,2021,KJCL,waterfront,C163,882,,44.64743,-63.5711,MACO,27,G,N,,,13.58929256,c(454713.385463122, 4943944.16688356)
681,September,7,2021,KJCL,waterfront,C164,883,,44.64794,-63.571,SYRE,3.3,G,N,,,41.68042948,c(454721.711949539, 4944000.76240707)
682,September,7,2021,KJCL,waterfront,C165,884,,44.64795,-63.571,SYRE,3.4,G,Y,,,42.09596737,c(454721.719729293, 4944001.87321232)
683,September,7,2021,KJCL,waterfront,C166,885,,44.64797,-63.5708,ULAM,5.3,G,N,,,57.63527761,c(454737.594583258, 4944003.98376839)
684,September,7,2021,KJCL,waterfront,C167,886,,44.64798,-63.5708,ULAM,5.9,G,N,,,58.05081297,c(454737.602360291, 4944005.09457365)
685,September,7,2021,KJCL,waterfront,C168,887,,44.648,-63.5707,ULAM,5.5,G,Y,,,66.23600248,c(454745.547557496, 4944007.26067154)
686,September,7,2021,KJCL,waterfront,C169,888,,44.64801,-63.5707,ULAM,4.7,G,Y,,,66.65153659,c(454745.555333171, 4944008.3714768)
687,September,7,2021,KJCL,waterfront,C17,889,,44.64476,-63.5692,PIRE,25.7,P,N,,,66.84768216,c(454861.979580712, 4943646.52834722)
688,September,7,2021,KJCL,waterfront,C170,890,,44.64803,-63.5706,ULAM,4.4,G,Y,,,74.83672335,c(454753.500523571, 4944010.53758443)
689,September,7,2021,KJCL,waterfront,C171,891,,44.64838,-63.5718,ULAM,9.2,G,N,,,2.078048602,c(454658.617529062, 4944050.08244692)
690,September,7,2021,KJCL,waterfront,C172,892,,44.64858,-63.5719,ULAM,8.8,G,N,,,4.989810557,c(454650.843779513, 4944072.35417372)
691,September,7,2021,KJCL,waterfront,C173,893,,44.64895,-63.5721,PIGL,9.8,G,N,tethered,,8.641535267,c(454635.273060933, 4944113.56524249)
692,September,7,2021,KJCL,waterfront,C174,894,,44.64898,-63.5721,BEPA,8.9,F,N,"tethered, wilted",,6.014853679,c(454635.296445586, 4944116.89765885)
693,September,7,2021,KJCL,waterfront,C175,895,,44.64894,-63.572,ULAM,8,F,N,tethered,,14.39716836,c(454643.194781129, 4944112.39879794)
694,September,7,2021,KJCL,waterfront,C176,896,,44.64895,-63.572,PIGL,7.6,G,N,tethered,,13.521607,c(454643.202574648, 4944113.50960338)
695,September,7,2021,KJCL,waterfront,C177,897,,44.64893,-63.572,BEPA,8.5,F,N,tethered,,15.27272971,c(454643.186987612, 4944111.28799249)
696,September,7,2021,KJCL,waterfront,C178,898,,44.64895,-63.5719,BEPA,4,F,N,"3.5cm, galls",,18.40167102,c(454651.132088362, 4944113.45397401)
697,September,7,2021,KJCL,waterfront,C179,899,,44.64897,-63.5719,PIGL,9.9,G,N,tethered,,16.65054664,c(454651.147672679, 4944115.67558491)
698,September,7,2021,KJCL,waterfront,C18,900,,44.64475,-63.5692,PIRE,18.3,F,N,crooked trunk,,66.4320351,c(454861.971825926, 4943645.41754259)
699,September,7,2021,KJCL,waterfront,C180,901,,44.64898,-63.5719,BEPA,4.6,F,N,"galls, 3.6, 3.2cm",,15.77498445,c(454651.155464839, 4944116.78639036)
700,September,7,2021,KJCL,waterfront,C181,902,,44.64917,-63.5726,QURO,10.8,G,N,"8.8cm, browning leaves",,4.470247848,c(454595.797129954, 4944138.28130431)
701,September,7,2021,KJCL,waterfront,C182,903,,44.64922,-63.5726,ACPL,41.2,F,N,wrapped in lights,,8.573608879,c(454595.836138599, 4944143.8353318)
702,September,7,2021,KJCL,waterfront,C183,904,,44.64929,-63.5727,ACRU,17.8,F,N,wrapped in lights,,8.974234819,c(454587.961283363, 4944151.66666785)
703,September,7,2021,KJCL,waterfront,C184,905,,44.64935,-63.5728,ACPL,40.1,F,N,wrapped in lights,,8.554206875,c(454580.078642793, 4944158.38720819)
704,September,7,2021,KJCL,waterfront,C185,906,,44.65059,-63.5725,ACPA,6.8,F,N,"wrapped in lights, 7.5cm, 8.6cm",,103.1220381,c(454604.834279278, 4944295.96001609)
705,September,7,2021,KJCL,waterfront,C186,907,,44.65063,-63.5725,ACPA,11.2,G,y,"wrapped in lights, insect damage, 5.3cm, 6.1cm",,104.9706922,c(454604.865481532, 4944300.40323918)
706,September,7,2021,KJCL,waterfront,C19,908,,44.64475,-63.5692,PIRE,30.2,G,N,dead branches @ base,,66.4320351,c(454861.971825926, 4943645.41754259)
707,September,7,2021,KJCL,waterfront,C2,909,,44.64393,-63.569,PYCA,22.1,G,N,,,48.32566836,c(454877.196333468, 4943554.22086542)
708,September,7,2021,KJCL,waterfront,C20,910,,44.64472,-63.5693,PIRE,27,G,N,,,57.83088782,c(454854.018471559, 4943642.14049535)
709,September,7,2021,KJCL,waterfront,C21,911,,44.64467,-63.5695,PIGL,13.4,F,Y,,,41.04423208,c(454838.119497192, 4943636.69723471)
710,September,7,2021,KJCL,waterfront,C22,912,,44.64464,-63.5696,PIGL,18.5,F,N,,,32.44307403,c(454830.166119689, 4943633.42021669)
711,September,7,2021,KJCL,waterfront,C23,913,,44.64464,-63.5696,PIGL,12.1,P,N,dead,,32.44307403,c(454830.166119689, 4943633.42021669)
712,September,7,2021,KJCL,waterfront,C24,914,,44.64464,-63.5697,PIGL,18.4,F,Y,sap along trunk,,25.08887208,c(454822.236018764, 4943633.47562223)
713,September,7,2021,KJCL,waterfront,C25,915,,44.64463,-63.5697,PIGL,10.6,P,Y,dead,,24.67321871,c(454822.228257182, 4943632.36481762)
714,September,7,2021,KJCL,waterfront,C26,916,,44.64462,-63.5697,PIRE,32,F,N,,,24.25756534,c(454822.220495601, 4943631.25401301)
715,September,7,2021,KJCL,waterfront,C27,917,,44.64462,-63.5697,PIRE,31.1,F,Y,minor trunk damage,,24.25756534,c(454822.220495601, 4943631.25401301)
716,September,7,2021,KJCL,waterfront,C28,918,,44.6446,-63.5698,QUVE,23.9,G,N,many healed wounds on trunk,,16.07205516,c(454814.274866067, 4943629.08781908)
717,September,7,2021,KJCL,waterfront,C29,919,,44.64459,-63.5699,MAFU,31.4,G,N,not 100% on ID - red apples,,8.302199392,c(454806.336995386, 4943628.03243947)
718,September,7,2021,KJCL,waterfront,C3,920,,44.64396,-63.5689,PYCA,23.9,G,N,power line up trunk,,56.92304289,c(454885.149782876, 4943557.49794141)
719,September,7,2021,KJCL,waterfront,C30,921,,44.64475,-63.57,BEPA,15.4,G,Y,"DBH: 11.2, 13.4",,7.598516664,c(454798.531138433, 4943645.86074805)
720,September,7,2021,KJCL,waterfront,C31,922,,44.64502,-63.5702,MAFU,15.2,F,N,"broken branches, missing bark",,5.400015816,c(454782.880714127, 4943675.96337246)
721,September,7,2021,KJCL,waterfront,C32,923,,44.64504,-63.5702,MAFU,28.3,G,N,"DBH: 18.3, 12.8, 18.3, 12.8. insect holes.",,6.541105128,c(454782.896251025, 4943678.18498183)
722,September,7,2021,KJCL,waterfront,C33,924,,44.64505,-63.5702,PIRE,24.4,F,N,,,7.158395251,c(454782.904019477, 4943679.29578652)
723,September,7,2021,KJCL,waterfront,C34,925,,44.64505,-63.5702,PIRE,26.8,F,Y,,,7.158395251,c(454782.904019477, 4943679.29578652)
724,September,7,2021,KJCL,waterfront,C35,926,,44.64507,-63.5702,PIRE,26.7,F,N,,,8.434046263,c(454782.919556384, 4943681.51739591)
725,September,7,2021,KJCL,waterfront,C36,927,,44.64509,-63.5702,PIRE,25.2,G,N,,,9.709697283,c(454782.935093296, 4943683.7390053)
726,September,7,2021,KJCL,waterfront,C37,928,,44.6451,-63.5703,Sorbus sp.,18.4,G,N,"DBH: 12.8, 12.1, 13.5.",,3.914604521,c(454775.012823492, 4943684.90527391)
727,September,7,2021,KJCL,waterfront,C38,929,,44.64513,-63.5703,Sorbus sp.,15.4,F,N,"DBH: 10.3, 9.1, 13.5.",,5.876335184,c(454775.036132963, 4943688.23768802)
728,September,7,2021,KJCL,waterfront,C39,930,,44.64514,-63.5703,PIRE,15.3,G,N,in concrete pot,,6.530245408,c(454775.043902789, 4943689.34849273)
729,September,7,2021,KJCL,waterfront,C4,931,,44.64393,-63.5686,GIBI,22.2,G,N,,,77.96239651,c(454908.917124047, 4943553.99957404)
730,September,7,2021,KJCL,waterfront,C40,932,,44.64538,-63.5704,AEHI,9.9,G,N,,,7.159772464,c(454767.300378923, 4943716.06327993)
731,September,7,2021,KJCL,waterfront,C41,933,,44.64538,-63.5704,ACPL,26.5,G,N,"fungal disease, brown dots, white sap at leaf stem",,7.159772464,c(454767.300378923, 4943716.06327993)
732,September,7,2021,KJCL,waterfront,C42,934,,44.64538,-63.5704,ACPL,26.1,G,N,brown spots,,7.159772464,c(454767.300378923, 4943716.06327993)
733,September,7,2021,KJCL,waterfront,C43,935,,44.64539,-63.5703,ACPL,22.1,G,N,brown spots,,5.526993854,c(454775.238148898, 4943717.11861103)
734,September,7,2021,KJCL,waterfront,C44,936,,44.64542,-63.5703,PIRE,18.2,G,N,,,8.663671913,c(454775.261458489, 4943720.45102531)
735,September,7,2021,KJCL,waterfront,C45,937,,44.64541,-63.5703,ACPL,22.7,G,N,brown spots,,7.618112559,c(454775.253688624, 4943719.34022055)
736,September,7,2021,KJCL,waterfront,C46,938,,44.64543,-63.5702,PIRE,10.2,G,N,"leaning, missing top",,7.030904742,c(454783.199221655, 4943721.50636615)
737,September,7,2021,KJCL,waterfront,C47,939,,44.64544,-63.5703,PIRE,18,P,Y,dead,,10.75479063,c(454775.276998224, 4943722.67263484)
738,September,7,2021,KJCL,waterfront,C48,940,,44.64542,-63.5703,ACPL,22.9,G,N,brown spots,,8.663671913,c(454775.261458489, 4943720.45102531)
739,September,7,2021,KJCL,waterfront,C49,941,,44.64543,-63.5702,ACPL,22.3,G,N,brown spots,,7.030904742,c(454783.199221655, 4943721.50636615)
740,September,7,2021,KJCL,waterfront,C5,942,,44.64395,-63.5685,TIAM,31.7,G,Y,,,86.16370857,c(454916.86281196, 4943556.16588446)
741,September,7,2021,KJCL,waterfront,C50,943,,44.64543,-63.5701,TIAM,24.6,G,N,brown spots,,4.352587395,c(454791.129214952, 4943721.45091195)
742,September,7,2021,KJCL,waterfront,C51,944,,44.64544,-63.5701,TIAM,29.6,G,N,brown spots,,5.398147654,c(454791.136982095, 4943722.56171671)
743,September,7,2021,KJCL,waterfront,C52,945,,44.64546,-63.5701,MAFU,10,G,Y,missing bark,,7.489268176,c(454791.152516385, 4943724.78332625)
744,September,7,2021,KJCL,waterfront,C53,946,,44.64547,-63.5701,MAFU,24,G,N,insect holes in trunk,,8.53482844,c(454791.160283532, 4943725.89413102)
745,September,7,2021,KJCL,waterfront,C54,947,,44.64547,-63.5701,MAFU,16.8,G,N,,,8.53482844,c(454791.160283532, 4943725.89413102)
746,September,7,2021,KJCL,waterfront,C55,948,,44.6455,-63.5701,TIAM,23.3,G,N,,,11.67150924,c(454791.183584982, 4943729.22654534)
747,September,7,2021,KJCL,waterfront,C56,949,,44.64547,-63.57,ACPL,26.5,F,N,"brown spots, dead edges", ,5.856522074,c(454799.090271378, 4943725.83868655)
748,September,7,2021,KJCL,waterfront,C57,950,,44.64548,-63.57,ACPL,18.1,F,N,,,6.902082788,c(454799.098037164, 4943726.94949132)
749,September,7,2021,KJCL,waterfront,C58,951,,44.6455,-63.57,ACPL,14.3,F,N,dead leaf edges & spots,,8.993204224,c(454799.11356874, 4943729.17110087)
750,September,7,2021,KJCL,waterfront,C59,952,,44.64552,-63.5699,PISY,28.8,G,N,,,8.406030732,c(454807.059081352, 4943731.33727568)
751,September,7,2021,KJCL,waterfront,C6,953,,44.64444,-63.5685,PRVI,13.2,G,N,"DBH: 12.0, 11.7",,105.5706884,c(454917.242325356, 4943610.59530595)
752,September,7,2021,KJCL,waterfront,C60,954,,44.64551,-63.5699,ACPL,14.5,G,N,"white + brown spots, vertical slit on trunk",,7.36046956,c(454807.051316923, 4943730.2264709)
753,September,7,2021,KJCL,waterfront,C61,955,,44.64552,-63.5699,PISY,21.6,G,N,,,8.406030732,c(454807.059081352, 4943731.33727568)
754,September,7,2021,KJCL,waterfront,C62,956,,44.64551,-63.5699,ACPL,14.9,G,N,white + brown spots,,7.36046956,c(454807.051316923, 4943730.2264709)
755,September,7,2021,KJCL,waterfront,C63,957,,44.64552,-63.5698,ACPL,16.6,G,N,browning on leaves,,5.72774498,c(454814.989062381, 4943731.28185066)
756,September,7,2021,KJCL,waterfront,C64,958,,44.64554,-63.5698,PISY,26.1,G,N,,,7.81886823,c(454815.004588518, 4943733.50346022)
757,September,7,2021,KJCL,waterfront,C65,959,,44.64553,-63.5698,TIAM,26.9,F,N,brown spots,,6.773306604,c(454814.996825449, 4943732.39265544)
758,September,7,2021,KJCL,waterfront,C66,960,,44.64557,-63.5696,ACPL,16.8,G,N,brown + white spots + black,,5.599013653,c(454830.887826161, 4943736.72505372)
759,September,7,2021,KJCL,waterfront,C67,961,,44.64557,-63.5696,ACPL,17.5,F,N,brown + white spots + black,,5.599013653,c(454830.887826161, 4943736.72505372)
760,September,7,2021,KJCL,waterfront,C68,962,,44.64559,-63.5696,ACPL,18.1,F,N,"brown + white spots + black, healed vertical slits down trunk",,7.690138721,c(454830.903346862, 4943738.9466633)
761,September,7,2021,KJCL,waterfront,C69,963,,44.6456,-63.5695,ACPL,15.8,G,N,some die back + spots,,6.057446647,c(454838.841077337, 4943740.00207226)
762,September,7,2021,KJCL,waterfront,C7,964,,44.64458,-63.5685,PIRE,25.9,F,N,,,111.1155406,c(454917.350758365, 4943626.14657009)
763,September,7,2021,KJCL,waterfront,C70,965,,44.64561,-63.5695,ACPL,23.1,G,N,"insects, spots, healed vertical slit",,7.103009634,c(454838.848836329, 4943741.11287705)
764,September,7,2021,KJCL,waterfront,C71,966,,44.64566,-63.5693,PIRE,40.8,G,N,,,6.974348324,c(454854.747555197, 4943746.55613855)
765,September,7,2021,KJCL,waterfront,C72,967,,44.64569,-63.5693,PIRE,27.3,F,N,,,10.11104002,c(454854.770824025, 4943749.88855298)
766,September,7,2021,KJCL,waterfront,C73,968,,44.64572,-63.5693,PIRE,31,G,N,,,13.24773173,c(454854.794092865, 4943753.22096742)
767,September,7,2021,KJCL,waterfront,C74,969,,44.64573,-63.5693,PIRE,34.3,F,N,,,14.29329564,c(454854.801849148, 4943754.33177224)
768,September,7,2021,KJCL,waterfront,C75,970,,44.64618,-63.5694,PIRE,29.1,G,N,other: 27.1,,64.02188292,c(454847.22099222, 4943804.37336747)
769,September,7,2021,KJCL,waterfront,C76,971,,44.6462,-63.5694,PIRE,31,G,N,outlet attached to the trunk,,66.11300996,c(454847.23650764, 4943806.59497729)
770,September,7,2021,KJCL,waterfront,C77,972,,44.64622,-63.5694,PIRE,27.8,G,N,,,68.20413868,c(454847.252023065, 4943808.81658711)
771,September,7,2021,KJCL,waterfront,C78,973,,44.64619,-63.5694,ACSA,4.8,G,N,"teathered, gall",,65.06744644,c(454847.228749929, 4943805.48417238)
772,September,7,2021,KJCL,waterfront,C79,974,,44.64622,-63.5694,ACPL,20.8,F,N,a lot of branches cut off,,68.20413868,c(454847.252023065, 4943808.81658711)
773,September,7,2021,KJCL,waterfront,C8,975,,44.64465,-63.5685,TIAM,29.3,G,N,,,113.8879669,c(454917.404974971, 4943633.9222023)
774,September,7,2021,KJCL,waterfront,C80,976,,44.64634,-63.5694,ACPL,14.2,F,Y,fungal disease,,80.87713874,c(454847.345115732, 4943822.14624623)
775,September,7,2021,KJCL,waterfront,C81,977,,44.64635,-63.5694,PIRE,34.3,F,N,,,81.94263327,c(454847.352873464, 4943823.25705116)
776,September,7,2021,KJCL,waterfront,C82,978,,44.64637,-63.5694,PIRE,38.5,G,N,,,84.07714306,c(454847.36838893, 4943825.47866105)
777,September,7,2021,KJCL,waterfront,C83,979,,44.64638,-63.5694,PIRE,13.6,G,N,other: 11.3,,85.14607007,c(454847.376146666, 4943826.58946599)
778,September,7,2021,KJCL,waterfront,C84,980,,44.6464,-63.5698,ACPL,16.7,G,N,"fungal disease, ziptie on bottom",,94.21146384,c(454815.672217653, 4943829.03267879)
779,September,7,2021,KJCL,waterfront,C85,981,,44.64642,-63.5694,ACSA,5.1,G,N,was tethered but not now,,89.43199238,c(454847.407177621, 4943831.03268579)
780,September,7,2021,KJCL,waterfront,C86,982,,44.64608,-63.5691,ACSA,4.8,G,Y,,,48.65631339,c(454870.933129353, 4943793.09921848)
781,September,7,2021,KJCL,waterfront,C87,983,,44.6463,-63.5691,ACSA,5.3,G,N,,,73.09257816,c(454871.103709043, 4943817.53692645)
782,September,7,2021,KJCL,waterfront,C88,984,,44.64653,-63.5692,ACSA,5.2,G,N,,,98.89717208,c(454863.352199671, 4943843.14079729)
783,September,7,2021,KJCL,waterfront,C89,985,,44.64678,-63.5693,ACSA,5.4,G,Y,,,127.3059457,c(454855.616266561, 4943870.96628893)
784,September,7,2021,KJCL,waterfront,C9,986,,44.64469,-63.5683,SYRE,13.8,F,N,DBH: 10.9. multiple smaller deviations at DBH,,123.7230418,c(454933.296144096, 4943638.25485283)
785,September,7,2021,KJCL,waterfront,C90,987,,44.64668,-63.5698,PIRE,35.4,G,N,wrapped in lights,,97.93666587,c(454815.88958749, 4943860.13521816)
786,September,7,2021,KJCL,waterfront,C91,988,,44.64667,-63.5698,PIRE,32.3,G,N,wrapped in lights,,97.80362292,c(454815.881824262, 4943859.02441316)
787,September,7,2021,KJCL,waterfront,C92,989,,44.64667,-63.5698,PIRE,34.1,G,N,wrapped in lights,,97.80362292,c(454815.881824262, 4943859.02441316)
788,September,7,2021,KJCL,waterfront,C93,990,,44.64666,-63.5698,ACPL,24.1,F,N,wrapped in lights,,97.67057997,c(454815.874061037, 4943857.91360815)
789,September,7,2021,KJCL,waterfront,C94,991,,44.64662,-63.57,PIRE,17.1,F,N,,,81.39252425,c(454799.983345843, 4943853.58124799)
790,September,7,2021,KJCL,waterfront,C95,992,,44.64655,-63.57,BEPA,17,G,Y,"15.4 cm, 12.8 cm",,80.46120474,c(454799.928984265, 4943845.80561309)
791,September,7,2021,KJCL,waterfront,C96,993,,44.64624,-63.5708,PIGL,16.8,G,Y,,,13.35288722,c(454736.249177445, 4943811.81448795)
792,September,7,2021,KJCL,waterfront,C97,994,,44.64626,-63.5708,TIAM,24.1,G,Y,,,13.61900007,c(454736.264731032, 4943814.03609779)
793,September,7,2021,KJCL,waterfront,C98,995,,44.64604,-63.5708,PIRE,29.7,G,N,,,10.58904322,c(454736.093641879, 4943789.59838989)
794,September,7,2021,KJCL,waterfront,C99,996,,44.64602,-63.5708,PIRE,22,G,N,21.3cm,,10.23601425,c(454736.078088353, 4943787.37678013)
795,September,7,2021,MEGY ,waterfront,A34,997,,44.64462,-63.5696,ACRU,15.5,F,N,diseased leaves,,31.61176983,c(454830.150599251, 4943631.19860747)
